模块,分组,字段名称,JSON 路径,类型,单位,取值范围,参考区间,选项（编码=中文）,必填,显示条件,说明
病史病情,本次就诊与疾病概况,本次随访时间,visitDate,日期,,,,,是,,访视级字段
病史病情,本次就诊与疾病概况,访视方式,method,单选,,,,outpatient=门诊随访 | phone=电话随访 | inpatient=住院随访,,,访视级字段
病史病情,本次就诊与疾病概况,疾病分型,history.subtype,单选,,,,sero_pos=血清阳性 RA（RF 和/或抗 CCP 阳性） | sero_neg=血清阴性 RA | undetermined=待定,,,医生根据患者情况填写
病史病情,本次就诊与疾病概况,首诊时间,history.firstVisitDate,日期,,,,,,,
病史病情,本次就诊与疾病概况,发病时间,history.onsetDate,日期,,,,,,,首次出现相关症状日期
病史病情,本次就诊与疾病概况,确诊时间,history.diagnosisDate,日期,,,,,,,
病史病情,本次就诊与疾病概况,主诉,history.chiefComplaint,文本,,,,,,,
病史病情,本次就诊与疾病概况,首发症状 / 病程,history.course,长文本,,,,,,,
病史病情,既往及个人史,既往史,history.pastHistory,长文本,,,,,,,
病史病情,既往及个人史,家族史,history.familyHistory,长文本,,,,,,,
病史病情,既往及个人史,合并疾病,history.comorbidity,长文本,,,,,,,FM / AS 等常见相关疾病在「基本信息」中结构化记录
病史病情,既往及个人史,吸烟史,history.smoking,单选,,,,never=从不吸烟 | former=既往吸烟 | current=目前吸烟,,,
病史病情,既往及个人史,过敏史,history.allergy,文本,,,,,,,
病史病情,加重诱因,加重诱因,history.flareTriggers,多选,,,,none=无 | stop=停药 | reduce=减药 | switch=换药 | irregular=间断服药 | fatigue=劳累 | cold=感冒 | infection=感染 | emotion=情绪刺激 | childbirth=分娩或小产 | diet=饮食不当 | trauma=创伤 | surgery=手术 | weather=天气变化 | other=其他,,,
病史病情,加重诱因,其他诱因,history.flareTriggerOther,文本,,,,,,"{""key"": ""flareTriggers"", ""has"": ""other""}",
病史病情,关节症状,关节疼痛,history.jointPain,单选,,,,none=无 | mild=疼痛较轻 | moderate=疼痛较重，可以忍受 | severe=疼痛很重，难以忍受,,,
病史病情,关节症状,疼痛性质,history.painNature,单选,,,,unclear=不明确 | distending=胀痛 | stabbing=刺痛 | cold=冷痛 | aching=酸痛,,,
病史病情,关节症状,疼痛部位特点,history.painSitePattern,单选,,,,fixed=痛有定处 | migratory=游走不定,,,
病史病情,关节症状,疼痛加重时间,history.painWorseTime,单选,,,,none=无明显时间性 | morning=晨起 | afternoon=午后 | night=夜间,,,
病史病情,关节症状,关节晨僵,history.morningStiffness,单选,,,,none=无 | lt30m=<30分钟 | 30m_1h=30分钟~1小时 | 1h_2h=1小时~2小时 | gt2h=>2小时,,,
病史病情,关节症状,关节肿胀,history.jointSwelling,单选,,,,none=无 | mild=很轻 | moderate=较重 | severe=极重,,,
病史病情,关节症状,关节触热,history.jointHeat,单选,,,,none=无 | hot_feel=触热且有热感 | hot_nofeel=触热但无热感,,,
病史病情,关节症状,皮色发红,history.skinRedness,单选,,,,no=无 | yes=有,,,
病史病情,关节症状,寒热变化,history.coldHeatChange,单选,,,,none=无明显变化 | heat_worse=遇热加重 | cold_worse=遇寒加重,,,
病史病情,关节症状,皮下结节,history.subcutaneousNodule,单选,,,,no=无 | yes=有,,,
病史病情,关节症状,屈伸不利 / 关节畸形部位,history.deformityJoints,多选,,,,elbow=肘 | wrist=腕 | mcp=掌指关节 | pip=近端指关节 | dip=远端指关节 | knee=膝 | foot=足,,,
病史病情,全身及其他症状,胃口,history.appetite,单选,,,,good=很好 | fair=有点差 | poor=很差 | none=一点胃口都没有,,,
病史病情,全身及其他症状,失眠多梦,history.insomnia,单选,,,,none=无 | occasional=偶尔 | often=时常 | always=总是,,,
病史病情,全身及其他症状,心烦不安,history.restlessness,单选,,,,almost_never=几乎没有 | occasional=偶尔 | often=常常 | almost_always=几乎总是,,,
病史病情,全身及其他症状,神疲乏力,history.fatigue,单选,,,,none=无 | mild=有疲乏 | moderate=很疲乏 | severe=非常疲乏，不能干任何事,,,
病史病情,全身及其他症状,怕风怕凉,history.aversionWindCold,单选,,,,none=无 | slight=稍感，无需加盖衣被 | relieved=加盖衣被可缓解 | unrelieved=加盖衣被不缓解,,,
病史病情,全身及其他症状,月经（适用时）,history.menstruation,文本,,,,,,,
病史病情,全身及其他症状,小便,history.urine,文本,,,,,,,
病史病情,全身及其他症状,大便,history.stool,文本,,,,,,,
辅助检查,炎症与血常规,ESR 血沉,exam.esr,数值,mm/h,0–150,0–20,,,,
辅助检查,炎症与血常规,CRP C-反应蛋白,exam.crp,数值,mg/L,0–300,0–10,,,,
辅助检查,炎症与血常规,hsCRP 超敏 CRP,exam.hscrp,数值,mg/L,0–50,0–3,,,,
辅助检查,炎症与血常规,WBC 白细胞,exam.wbc,数值,×10⁹/L,0–100,3.5–9.5,,,,
辅助检查,炎症与血常规,HGB 血红蛋白,exam.hgb,数值,g/L,30–250,115–175,,,,
辅助检查,炎症与血常规,PLT 血小板,exam.plt,数值,×10⁹/L,0–1500,125–350,,,,
辅助检查,免疫与自身抗体,RF 类风湿因子,exam.rf,数值,IU/mL,0–5000,0–20,,,,
辅助检查,免疫与自身抗体,抗 CCP 抗体,exam.antiCcp,数值,U/mL,0–5000,0–17,,,,
辅助检查,免疫与自身抗体,ANA 抗核抗体,exam.ana,单选,,,,negative=阴性 | positive=阳性 | not_done=未做,,,
辅助检查,免疫与自身抗体,抗 SSA,exam.antiSsa,单选,,,,negative=阴性 | positive=阳性 | not_done=未做,,,
辅助检查,免疫与自身抗体,抗 SSB,exam.antiSsb,单选,,,,negative=阴性 | positive=阳性 | not_done=未做,,,
辅助检查,免疫与自身抗体,抗 Ro-52 抗体,exam.antiRo52,单选,,,,negative=阴性 | positive=阳性 | not_done=未做,,,
辅助检查,免疫与自身抗体,IgG,exam.igg,数值,g/L,0–60,7–16,,,,
辅助检查,免疫与自身抗体,IgA,exam.iga,数值,g/L,0–20,0.7–4,,,,
辅助检查,免疫与自身抗体,IgM,exam.igm,数值,g/L,0–20,0.4–2.3,,,,
辅助检查,肝肾功能与其他生化,ALT 谷丙转氨酶,exam.alt,数值,U/L,0–3000,7–40,,,,
辅助检查,肝肾功能与其他生化,AST 谷草转氨酶,exam.ast,数值,U/L,0–3000,13–35,,,,
辅助检查,肝肾功能与其他生化,GGT 谷氨酰转移酶,exam.ggt,数值,U/L,0–3000,7–45,,,,
辅助检查,肝肾功能与其他生化,DBIL 直接胆红素,exam.dbil,数值,μmol/L,0–500,0–6.8,,,,
辅助检查,肝肾功能与其他生化,UREA 尿素,exam.urea,数值,mmol/L,0–100,2.6–7.5,,,,
辅助检查,肝肾功能与其他生化,CREA 肌酐,exam.crea,数值,μmol/L,0–3000,41–111,,,,
辅助检查,肝肾功能与其他生化,D-二聚体,exam.dDimer,数值,mg/L FEU,0–100,0–0.55,,,,
辅助检查,肝肾功能与其他生化,HCY 同型半胱氨酸,exam.hcy,数值,μmol/L,0–300,0–15,,,,
辅助检查,血脂与血糖,CHO 总胆固醇,exam.cho,数值,mmol/L,0–30,0–5.2,,,,
辅助检查,血脂与血糖,TG 甘油三酯,exam.tg,数值,mmol/L,0–50,0–1.7,,,,
辅助检查,血脂与血糖,HDL-C,exam.hdlc,数值,mmol/L,0–10,1–以上,,,,
辅助检查,血脂与血糖,LDL-C,exam.ldlc,数值,mmol/L,0–20,0–3.4,,,,
辅助检查,血脂与血糖,GLU 葡萄糖,exam.glu,数值,mmol/L,0–50,3.9–6.1,,,,
辅助检查,影像与检查报告,关节 X 线日期,exam.xrayDate,日期,,,,,,,
辅助检查,影像与检查报告,检查号,exam.xrayNo,文本,,,,,,,
辅助检查,影像与检查报告,检查部位,exam.xraySites,多选,,,,hand=手 | foot=足 | knee=膝 | elbow=肘 | other=其他,,,
辅助检查,影像与检查报告,检验 / 影像报告,exam.reportText,长文本,,,,,,,
辅助检查,影像与检查报告,心电图,exam.ecgResult,单选,,,,normal=正常 | abnormal=异常 | not_done=未做,,,
辅助检查,影像与检查报告,心电图异常类型,exam.ecgAbnormalTypes,多选,,,,t_wave=T 波改变 | st=ST 改变 | block=传导阻滞 | arrhythmia=心律失常 | other=其他,,"{""key"": ""ecgResult"", ""eq"": ""abnormal""}",
辅助检查,影像与检查报告,超声心动,exam.echoResult,单选,,,,normal=正常 | abnormal=异常 | not_done=未做,,,
辅助检查,影像与检查报告,超声心动所见,exam.echoDetail,文本,,,,,,"{""key"": ""echoResult"", ""eq"": ""abnormal""}",
病情评估,关节与 VAS,压痛关节数 TJC28,assessment.tjc28,数值,,0–28,,,,,
病情评估,关节与 VAS,肿胀关节数 SJC28,assessment.sjc28,数值,,0–28,,,,,
病情评估,关节与 VAS,晨僵持续时间,assessment.morningStiffnessMin,数值,分钟,0–1440,,,,,
病情评估,关节与 VAS,患者疼痛 VAS,assessment.painVas,数值,0–100,0–100,,,,,
病情评估,关节与 VAS,患者疾病总体 VAS,assessment.ptgaVas,数值,0–100,0–100,,,,,
病情评估,关节与 VAS,医生疾病总体 VAS,assessment.phgaVas,数值,0–100,0–100,,,,,
病情评估,功能与疾病活动度,HAQ 评分,assessment.haq,数值,0–3,0–3,,,,,
病情评估,功能与疾病活动度,DAS28-ESR,assessment.das28Esr,自动计算,,,,,,,自动计算：TJC28、SJC28、ESR、患者疾病总体 VAS
病情评估,功能与疾病活动度,DAS28-CRP,assessment.das28Crp,自动计算,,,,,,,自动计算：TJC28、SJC28、CRP、患者疾病总体 VAS
病情评估,功能与疾病活动度,ACR 疗效,assessment.acrResponse,单选,,,,none=未达 ACR20 | acr20=ACR20 | acr50=ACR50 | acr70=ACR70,,,
病情评估,脏器受累,受累脏器,assessment.organInvolvement,多选,,,,none=无 | vasculitis=类风湿血管炎 | lung=肺、胸膜病变 | heart=心脏病变 | nerve=神经病变 | kidney=肾脏病变 | other=其他系统,,,
病情评估,脏器受累,具体表现,assessment.organDetail,长文本,,,,,,"{""key"": ""organInvolvement"", ""hasAny"": [""vasculitis"", ""lung"", ""heart"", ""nerve"", ""kidney"", ""other""]}",
中医诊断,证型,主证,tcm.mainSyndrome,单选,,,,wind_damp=风湿痹阻证 | cold_damp=寒湿痹阻证 | damp_heat=湿热痹阻证 | phlegm_stasis=痰瘀痹阻证 | blood_stasis=瘀血痹阻证 | qi_blood_def=气血两虚证 | liver_kidney_def=肝肾不足证 | qi_yin_def=气阴两虚证,,,
中医诊断,证型,兼证,tcm.secondarySyndromes,多选,,,,wind_damp=风湿痹阻证 | cold_damp=寒湿痹阻证 | damp_heat=湿热痹阻证 | phlegm_stasis=痰瘀痹阻证 | blood_stasis=瘀血痹阻证 | qi_blood_def=气血两虚证 | liver_kidney_def=肝肾不足证 | qi_yin_def=气阴两虚证,,,
中医诊断,舌脉,舌色,tcm.tongueColor,单选,,,,pale=淡白 | light_red=淡红 | red=红 | crimson=绛 | purple=紫暗,,,
中医诊断,舌脉,舌形,tcm.tongueShape,单选,,,,normal=正常 | enlarged=胖大 | thin=瘦薄 | teeth_marks=齿痕 | fissured=裂纹,,,
中医诊断,舌脉,苔质,tcm.coatingTexture,单选,,,,thin=薄 | thick=厚 | greasy=腻 | dry=燥 | peeled=剥,,,
中医诊断,舌脉,苔色,tcm.coatingColor,单选,,,,white=白 | yellow=黄 | grey_black=灰黑,,,
中医诊断,舌脉,脉象,tcm.pulse,文本,,,,,,,
治疗方案,与上次治疗比较,治疗方案是否调整,treatment.regimenChanged,单选,,,,na=首次建档 / 无上次方案 | no=否 | yes=是,,,
治疗方案,与上次治疗比较,调整原因,treatment.changeReason,单选,,,,poor_efficacy=疗效不佳 | adverse=不良事件 | economic=经济原因 | other=其他,,"{""key"": ""regimenChanged"", ""eq"": ""yes""}",
治疗方案,用药明细,药物类型,treatment.medications[].drugType,单选,,,,western=西药 | chinese_patent=中成药 | herbal=中药饮片,,,
治疗方案,用药明细,药物类别,treatment.medications[].drugCategory,单选,,,,csdmard=传统合成 DMARD | bdmard=生物制剂 | tsdmard=靶向合成 DMARD（JAK 抑制剂） | gc=糖皮质激素 | nsaid=非甾体抗炎药 | other=其他 / 辅助用药,,"{""key"": ""drugType"", ""eq"": ""western""}",
治疗方案,用药明细,药品名称,treatment.medications[].drugName,文本,,,,,是,,
治疗方案,用药明细,商品名称,treatment.medications[].brandName,文本,,,,,,,
治疗方案,用药明细,厂家,treatment.medications[].manufacturer,文本,,,,,,,
治疗方案,用药明细,规格,treatment.medications[].spec,文本,,,,,,,
治疗方案,用药明细,单次剂量,treatment.medications[].dose,数值,,0–None,,,,,
治疗方案,用药明细,剂量单位,treatment.medications[].doseUnit,单选,,,,mg=mg | g=g | μg=μg | ml=ml | 片=片 | 粒=粒 | 袋=袋 | 支=支,,,
治疗方案,用药明细,给药方式,treatment.medications[].route,单选,,,,oral=口服 | sc=皮下注射 | iv=静脉滴注 | im=肌肉注射 | topical=外用 | other=其他,,,
治疗方案,用药明细,给药频次,treatment.medications[].frequency,单选,,,,qd=每日一次 | bid=每日两次 | tid=每日三次 | qw=每周一次 | biw=每周两次 | q2w=每两周一次 | q4w=每四周一次 | prn=必要时 | other=其他,,,
治疗方案,用药明细,起始时间,treatment.medications[].startDate,日期,,,,,,,
治疗方案,用药明细,累积剂量,treatment.medications[].cumulativeDose,数值,,0–None,,,,,单位同剂量单位
治疗方案,用药明细,调药过程,treatment.medications[].adjustProcess,文本,,,,,,,
治疗方案,用药明细,调药原因,treatment.medications[].adjustReason,文本,,,,,,,
治疗方案,中药饮片处方,主方,treatment.herbalFormula,文本,,,,,,,
治疗方案,中药饮片处方,剂数,treatment.herbalDoses,数值,剂,0–None,,,,,
治疗方案,中药饮片处方,加味药物,treatment.herbalAdd,文本,,,,,,,
治疗方案,中药饮片处方,减味药物,treatment.herbalRemove,文本,,,,,,,
不良反应,本次是否发生,是否发生不良反应,adverse.occurred,单选,,,,no=否 | yes=是,,,
不良反应,不良事件,不良反应名称,adverse.events[].name,单选,,,,AE01=白细胞下降 | AE02=血小板下降 | AE03=中性粒细胞下降 | AE04=贫血 | AE05=全血细胞下降 | AE06=淋巴细胞下降 | AE07=口腔溃疡 | AE08=口/舌疼痛 | AE09=恶心、呕吐 | AE10=腹泻 | AE11=腹痛 | AE12=肝功异常 | AE13=消化不良 | AE14=咳嗽 | AE15=咳痰 | AE16=哮喘 | AE17=呼吸困难 | AE18=血尿 | AE19=蛋白尿 | AE20=肾功异常 | AE21=肾衰竭 | AE22=少尿 | AE23=心梗 | AE24=头晕 | AE25=头痛 | AE26=失眠 | AE27=皮疹 | AE28=皮肤瘙痒 | AE29=色素沉着 | AE30=月经延迟 | AE31=肿瘤 | AE32=体重减轻 | AE33=脱发 | AE34=结节 | AE35=感染 | other=其他,是,"{""key"": ""occurred"", ""eq"": ""yes""}",
不良反应,不良事件,其他名称,adverse.events[].nameOther,文本,,,,,,"{""key"": ""name"", ""eq"": ""other""}",
不良反应,不良事件,发生日期,adverse.events[].startDate,日期,,,,,,"{""key"": ""occurred"", ""eq"": ""yes""}",
不良反应,不良事件,结束日期,adverse.events[].endDate,日期,,,,,,"{""key"": ""occurred"", ""eq"": ""yes""}",
不良反应,不良事件,药物处理措施,adverse.events[].action,单选,,,,unchanged=剂量不变 | reduce=减少剂量 | stop=停止用药 | symptomatic=对症治疗 | other=其他措施,,"{""key"": ""occurred"", ""eq"": ""yes""}",
不良反应,不良事件,是否 SAE,adverse.events[].isSae,单选,,,,no=否 | yes=是,,"{""key"": ""occurred"", ""eq"": ""yes""}",
不良反应,不良事件,SAE 类别,adverse.events[].saeCategories,多选,,,,death=致命 | life_threatening=危及生命 | hospitalization=需要住院治疗或延长住院时间 | disability=导致永久或严重的残疾 / 能力丧失 | congenital=母亲使用研究药物导致新生儿不良事件 | important=由医生判断为重大医疗事件,,"{""key"": ""isSae"", ""eq"": ""yes""}",
不良反应,不良事件,事件详情,adverse.events[].detail,长文本,,,,,,"{""key"": ""occurred"", ""eq"": ""yes""}",
随诊病例,,随诊病例记录,caseRecord.note,长文本,,,,,,,
随诊病例,,病例附件,fileIds,附件,,,,,,,上传后得到附件 ID（fileIds），随访视一起提交
